{"cameraMode":{"drawMode":0,"name":"Shaded","section":"Shading Mode"},"sceneLighting":false,"audioPlay":false,"sceneViewState":{"m_AlwaysRefresh":false,"showFog":true,"showSkybox":false,"showFlares":true,"showImageEffects":true,"showParticleSystems":true,"showVisualEffectGraphs":true,"m_FxEnabled":true},"in2DMode":false,"pivot":{"x":-0.024062156677246095,"y":0.032171010971069339,"z":0.000999998301267624},"rotation":{"x":0.05395819991827011,"y":-0.02396267279982567,"z":0.0012952450197190047,"w":0.99825519323349},"size":0.3941210210323334,"orthographic":false}