{"cameraMode":{"drawMode":0,"name":"Shaded","section":"Shading Mode"},"sceneLighting":false,"audioPlay":false,"sceneViewState":{"m_AlwaysRefresh":false,"showFog":true,"showSkybox":false,"showFlares":true,"showImageEffects":true,"showParticleSystems":true,"showVisualEffectGraphs":true,"m_FxEnabled":true},"in2DMode":false,"pivot":{"x":-0.0015188604593276978,"y":0.0017922520637512208,"z":0.00599999725818634},"rotation":{"x":0.05395819991827011,"y":-0.02396267279982567,"z":0.0012952450197190047,"w":0.99825519323349},"size":0.44201433658599856,"orthographic":false}