{"cameraMode":{"drawMode":0,"name":"Shaded","section":"Shading Mode"},"sceneLighting":false,"audioPlay":false,"sceneViewState":{"m_AlwaysRefresh":false,"showFog":true,"showSkybox":false,"showFlares":true,"showImageEffects":true,"showParticleSystems":true,"showVisualEffectGraphs":true,"m_FxEnabled":true},"in2DMode":false,"pivot":{"x":-0.028481140732765199,"y":-0.0042077600955963139,"z":-0.006000593304634094},"rotation":{"x":0.05395819991827011,"y":-0.02396267279982567,"z":0.0012952450197190047,"w":0.99825519323349},"size":0.44201430678367617,"orthographic":false}