{"cameraMode":{"drawMode":0,"name":"Shaded","section":"Shading Mode"},"sceneLighting":false,"audioPlay":false,"sceneViewState":{"m_AlwaysRefresh":false,"showFog":true,"showSkybox":false,"showFlares":true,"showImageEffects":true,"showParticleSystems":true,"showVisualEffectGraphs":true,"m_FxEnabled":true},"in2DMode":false,"pivot":{"x":-0.03448748588562012,"y":0.029000014066696168,"z":0.0029999464750289919},"rotation":{"x":0.05395819991827011,"y":-0.02396267279982567,"z":0.0012952450197190047,"w":0.99825519323349},"size":0.43107664585113528,"orthographic":false}