{"cameraMode":{"drawMode":0,"name":"Shaded","section":"Shading Mode"},"sceneLighting":false,"audioPlay":false,"sceneViewState":{"m_AlwaysRefresh":false,"showFog":true,"showSkybox":false,"showFlares":true,"showImageEffects":true,"showParticleSystems":true,"showVisualEffectGraphs":true,"m_FxEnabled":true},"in2DMode":false,"pivot":{"x":-0.016473427414894105,"y":-0.007850520312786103,"z":-0.005380988121032715},"rotation":{"x":0.09362910687923432,"y":-0.12362460047006607,"z":0.01171746663749218,"w":0.987833559513092},"size":0.2660568654537201,"orthographic":false}