{"cameraMode":{"drawMode":0,"name":"Shaded","section":"Shading Mode"},"sceneLighting":false,"audioPlay":false,"sceneViewState":{"m_AlwaysRefresh":false,"showFog":true,"showSkybox":false,"showFlares":true,"showImageEffects":true,"showParticleSystems":true,"showVisualEffectGraphs":true,"m_FxEnabled":true},"in2DMode":false,"pivot":{"x":-0.0609598234295845,"y":-0.024376031011343004,"z":-0.011571764945983887},"rotation":{"x":0.08638408035039902,"y":-0.10738256573677063,"z":0.009365962818264962,"w":0.9904147386550903},"size":0.18655098974704743,"orthographic":false}