{"cameraMode":{"drawMode":0,"name":"Shaded","section":"Shading Mode"},"sceneLighting":false,"audioPlay":false,"sceneViewState":{"m_AlwaysRefresh":false,"showFog":true,"showSkybox":false,"showFlares":true,"showImageEffects":true,"showParticleSystems":true,"showVisualEffectGraphs":true,"m_FxEnabled":true},"in2DMode":false,"pivot":{"x":0.7761831283569336,"y":0.5794084072113037,"z":1.1262317895889283},"rotation":{"x":0.09136214107275009,"y":-0.014936555176973343,"z":0.001370538491755724,"w":0.9957048892974854},"size":2.364339590072632,"orthographic":false}