{"cameraMode":{"drawMode":0,"name":"Shaded","section":"Shading Mode"},"sceneLighting":false,"audioPlay":false,"sceneViewState":{"m_AlwaysRefresh":false,"showFog":true,"showSkybox":false,"showFlares":true,"showImageEffects":true,"showParticleSystems":true,"showVisualEffectGraphs":true,"m_FxEnabled":true},"in2DMode":false,"pivot":{"x":0.010294198989868164,"y":0.029999971389770509,"z":-0.007999997586011887},"rotation":{"x":0.07343310117721558,"y":0.004487832076847553,"z":-0.0003304521378595382,"w":0.9972901940345764},"size":0.4203530550003052,"orthographic":false}